INSERT INTO "bagian" ("id", "namaBagian", "isActive", "idJenisBagian") VALUES (1, 'Document Control', 't', 3);
INSERT INTO "bagian" ("id", "namaBagian", "isActive", "idJenisBagian") VALUES (2, 'Produksi Farmasi 2', 't', 1);
INSERT INTO "bagian" ("id", "namaBagian", "isActive", "idJenisBagian") VALUES (3, 'Produksi Farmasi 1', 't', 1);
INSERT INTO "bagian" ("id", "namaBagian", "isActive", "idJenisBagian") VALUES (4, 'Produksi Farmasi 3', 't', 1);
INSERT INTO "bagian" ("id", "namaBagian", "isActive", "idJenisBagian") VALUES (5, 'Produksi Food 1', 't', 2);
INSERT INTO "bagian" ("id", "namaBagian", "isActive", "idJenisBagian") VALUES (6, 'Quality Assurance', 't', 3);
INSERT INTO "bagian" ("id", "namaBagian", "isActive", "idJenisBagian") VALUES (7, 'Quality Division', 't', 3);
INSERT INTO "_prisma_migrations" ("id", "checksum", "finished_at", "migration_name", "logs", "rolled_back_at", "started_at", "applied_steps_count") VALUES ('358b4c54-5aa6-4be8-a310-9bb282ccc83c', '60a15289f69907451505b2de0e5e8a1c059ff6d8496d8581a08e1587cd9964e2', '2025-02-10 13:52:33.388607+07', '20250210065233_initial', NULL, NULL, '2025-02-10 13:52:33.270639+07', 1);
INSERT INTO "bagianonjabatan" ("id", "idBagian", "idJabatan") VALUES (1, 1, 1);
INSERT INTO "bagianonjabatan" ("id", "idBagian", "idJabatan") VALUES (2, 3, 2);
INSERT INTO "bagianonjabatan" ("id", "idBagian", "idJabatan") VALUES (3, 1, 4);
INSERT INTO "bagianonjabatan" ("id", "idBagian", "idJabatan") VALUES (4, 3, 4);
INSERT INTO "bagianonjabatan" ("id", "idBagian", "idJabatan") VALUES (5, 2, 4);
INSERT INTO "bagianonjabatan" ("id", "idBagian", "idJabatan") VALUES (6, 4, 4);
INSERT INTO "detailpermintaanmbr" ("id", "group_id", "idPermintaanMbr", "idProduk", "nomorMBR", "tipeMBR", "jumlah") VALUES (1, 0, 1, 3, 'CC-000056-00-NL', 'PO', 1);
INSERT INTO "detailpermintaanmbr" ("id", "group_id", "idPermintaanMbr", "idProduk", "nomorMBR", "tipeMBR", "jumlah") VALUES (2, 0, 1, 3, 'CC-000057-00-NL', 'PS', 1);
INSERT INTO "detailpermintaanmbr" ("id", "group_id", "idPermintaanMbr", "idProduk", "nomorMBR", "tipeMBR", "jumlah") VALUES (3, 1, 1, 2, 'CC-000001-00-NL', 'PO', 5);
INSERT INTO "detailpermintaanmbr" ("id", "group_id", "idPermintaanMbr", "idProduk", "nomorMBR", "tipeMBR", "jumlah") VALUES (4, 1, 1, 2, 'CC-000002-00-NL', 'PS', 5);
INSERT INTO "detailpermintaanmbr" ("id", "group_id", "idPermintaanMbr", "idProduk", "nomorMBR", "tipeMBR", "jumlah") VALUES (5, 0, 2, 3, 'CC-000056-00-NL', 'PO', 5);
INSERT INTO "detailpermintaanmbr" ("id", "group_id", "idPermintaanMbr", "idProduk", "nomorMBR", "tipeMBR", "jumlah") VALUES (6, 0, 3, 3, 'CC-00054-00-NL', 'PO', 6);
INSERT INTO "detailpermintaanmbr" ("id", "group_id", "idPermintaanMbr", "idProduk", "nomorMBR", "tipeMBR", "jumlah") VALUES (7, 0, 4, 3, 'CC-00056-00-NL', 'PO', 5);
INSERT INTO "detailpermintaanmbr" ("id", "group_id", "idPermintaanMbr", "idProduk", "nomorMBR", "tipeMBR", "jumlah") VALUES (8, 0, 5, 3, 'CC-000056-00-NL', 'PO', 5);
INSERT INTO "detailpermintaanmbr" ("id", "group_id", "idPermintaanMbr", "idProduk", "nomorMBR", "tipeMBR", "jumlah") VALUES (9, 0, 6, 2, 'CC-000005-00-NL', 'PO', 6);
INSERT INTO "detailpermintaanmbr" ("id", "group_id", "idPermintaanMbr", "idProduk", "nomorMBR", "tipeMBR", "jumlah") VALUES (10, 0, 7, 2, 'CC-000055-00-NL', 'PO', 10);
INSERT INTO "detailpermintaanmbr" ("id", "group_id", "idPermintaanMbr", "idProduk", "nomorMBR", "tipeMBR", "jumlah") VALUES (11, 0, 8, 2, 'CC-000005-00-L', 'PO', 6);
INSERT INTO "detailpermintaanmbr" ("id", "group_id", "idPermintaanMbr", "idProduk", "nomorMBR", "tipeMBR", "jumlah") VALUES (12, 0, 9, 2, 'CC-000056-00-NL', 'PO', 5);
INSERT INTO "detailpermintaanmbr" ("id", "group_id", "idPermintaanMbr", "idProduk", "nomorMBR", "tipeMBR", "jumlah") VALUES (13, 0, 10, 2, 'CC-000055-00-NL', 'PO', 10);
INSERT INTO "detailpermintaanmbr" ("id", "group_id", "idPermintaanMbr", "idProduk", "nomorMBR", "tipeMBR", "jumlah") VALUES (14, 0, 10, 2, 'CC-000053-00-NL', 'PS', 5);
INSERT INTO "detailpermintaanmbr" ("id", "group_id", "idPermintaanMbr", "idProduk", "nomorMBR", "tipeMBR", "jumlah") VALUES (15, 1, 10, 3, 'CC-000025-00-NL', 'PO', 2);
INSERT INTO "detailpermintaanmbr" ("id", "group_id", "idPermintaanMbr", "idProduk", "nomorMBR", "tipeMBR", "jumlah") VALUES (16, 1, 10, 3, 'CC-000145-00-NL', 'PS', 5);
INSERT INTO "detailpermintaanmbr" ("id", "group_id", "idPermintaanMbr", "idProduk", "nomorMBR", "tipeMBR", "jumlah") VALUES (17, 0, 11, 2, 'CC-000055-00-NL', 'PO', 4);
INSERT INTO "detailpermintaanmbr" ("id", "group_id", "idPermintaanMbr", "idProduk", "nomorMBR", "tipeMBR", "jumlah") VALUES (18, 0, 12, 2, 'CC-000056-00-NL', 'PO', 5);
INSERT INTO "detailpermintaanmbr" ("id", "group_id", "idPermintaanMbr", "idProduk", "nomorMBR", "tipeMBR", "jumlah") VALUES (19, 0, 13, 2, 'CC-000088-00-NL', 'PO', 10);
INSERT INTO "detailpermintaanmbr" ("id", "group_id", "idPermintaanMbr", "idProduk", "nomorMBR", "tipeMBR", "jumlah") VALUES (20, 0, 14, 2, 'CC-00055-00-NL', 'PO', 10);
INSERT INTO "detailpermintaanmbr" ("id", "group_id", "idPermintaanMbr", "idProduk", "nomorMBR", "tipeMBR", "jumlah") VALUES (21, 0, 15, 2, 'CC-00088-00-NL', 'PO', 10);
INSERT INTO "detailpermintaanmbr" ("id", "group_id", "idPermintaanMbr", "idProduk", "nomorMBR", "tipeMBR", "jumlah") VALUES (22, 0, 15, 2, 'CC-00081-00-NL', 'PS', 22);
INSERT INTO "detailpermintaanmbr" ("id", "group_id", "idPermintaanMbr", "idProduk", "nomorMBR", "tipeMBR", "jumlah") VALUES (23, 1, 15, 3, 'CC-00028-00-NL', 'PO', 123);
INSERT INTO "detailpermintaanmbr" ("id", "group_id", "idPermintaanMbr", "idProduk", "nomorMBR", "tipeMBR", "jumlah") VALUES (24, 1, 15, 3, 'CC-00083-00-NL', 'PO', 12);
INSERT INTO "detailpermintaanmbr" ("id", "group_id", "idPermintaanMbr", "idProduk", "nomorMBR", "tipeMBR", "jumlah") VALUES (25, 0, 16, 2, 'CC-00088-00-NL', 'PO', 10);
INSERT INTO "detailpermintaanmbr" ("id", "group_id", "idPermintaanMbr", "idProduk", "nomorMBR", "tipeMBR", "jumlah") VALUES (26, 0, 16, 2, 'CC-00083-00-NL', 'PO', 4);
INSERT INTO "detailpermintaanmbr" ("id", "group_id", "idPermintaanMbr", "idProduk", "nomorMBR", "tipeMBR", "jumlah") VALUES (27, 1, 16, 3, 'CC-00084-00-NL', 'PO', 5);
INSERT INTO "detailpermintaanmbr" ("id", "group_id", "idPermintaanMbr", "idProduk", "nomorMBR", "tipeMBR", "jumlah") VALUES (28, 1, 16, 3, 'CC-00024-00-NL', 'PO', 43);
INSERT INTO "detailpermintaanmbr" ("id", "group_id", "idPermintaanMbr", "idProduk", "nomorMBR", "tipeMBR", "jumlah") VALUES (29, 0, 17, 2, 'CC-00083-00-NL', 'PO', 43);
INSERT INTO "detailpermintaanmbr" ("id", "group_id", "idPermintaanMbr", "idProduk", "nomorMBR", "tipeMBR", "jumlah") VALUES (30, 0, 17, 2, 'CC-00081-00-NL', 'PO', 55);
INSERT INTO "detailpermintaanmbr" ("id", "group_id", "idPermintaanMbr", "idProduk", "nomorMBR", "tipeMBR", "jumlah") VALUES (31, 0, 17, 2, 'CC-00082-00-NL', 'PO', 56);
INSERT INTO "detailpermintaanmbr" ("id", "group_id", "idPermintaanMbr", "idProduk", "nomorMBR", "tipeMBR", "jumlah") VALUES (32, 1, 17, 3, 'CC-00082-00-NL', 'PO', 4);
INSERT INTO "detailpermintaanmbr" ("id", "group_id", "idPermintaanMbr", "idProduk", "nomorMBR", "tipeMBR", "jumlah") VALUES (33, 1, 17, 3, 'CC-00031-00-NL', 'PO', 4);
INSERT INTO "detailpermintaanmbr" ("id", "group_id", "idPermintaanMbr", "idProduk", "nomorMBR", "tipeMBR", "jumlah") VALUES (34, 0, 18, 3, 'CC-00088-00-NL', 'PO', 5);
INSERT INTO "detailpermintaanmbr" ("id", "group_id", "idPermintaanMbr", "idProduk", "nomorMBR", "tipeMBR", "jumlah") VALUES (35, 0, 19, 2, 'CC-000055-00-NL', 'PO', 10);
INSERT INTO "detailpermintaanmbr" ("id", "group_id", "idPermintaanMbr", "idProduk", "nomorMBR", "tipeMBR", "jumlah") VALUES (36, 0, 20, 2, 'CC-00088-00-NL', 'PO', 10);
INSERT INTO "detailpermintaanmbr" ("id", "group_id", "idPermintaanMbr", "idProduk", "nomorMBR", "tipeMBR", "jumlah") VALUES (41, 0, 22, 3, 'CC-00055-00-NL', 'PO', 2);
INSERT INTO "detailpermintaanmbr" ("id", "group_id", "idPermintaanMbr", "idProduk", "nomorMBR", "tipeMBR", "jumlah") VALUES (42, 0, 22, 3, 'CC-00054-00-NL', 'PS', 3);
INSERT INTO "detailpermintaanmbr" ("id", "group_id", "idPermintaanMbr", "idProduk", "nomorMBR", "tipeMBR", "jumlah") VALUES (43, 1, 22, 2, 'CC-00057-00-NL', 'PO', 3);
INSERT INTO "detailpermintaanmbr" ("id", "group_id", "idPermintaanMbr", "idProduk", "nomorMBR", "tipeMBR", "jumlah") VALUES (44, 1, 22, 2, 'CC-00058-00-NL', 'PS', 3);
INSERT INTO "detailpermintaanmbr" ("id", "group_id", "idPermintaanMbr", "idProduk", "nomorMBR", "tipeMBR", "jumlah") VALUES (45, 0, 23, 2, 'CC-000056-00-NL', 'PO', 4);
INSERT INTO "detailpermintaanmbr" ("id", "group_id", "idPermintaanMbr", "idProduk", "nomorMBR", "tipeMBR", "jumlah") VALUES (46, 0, 23, 2, 'CC-000057-00-NL', 'PS', 5);
INSERT INTO "detailpermintaanmbr" ("id", "group_id", "idPermintaanMbr", "idProduk", "nomorMBR", "tipeMBR", "jumlah") VALUES (47, 0, 24, 3, 'CD-000056-00-NL', 'PO', 5);
INSERT INTO "detailpermintaanmbr" ("id", "group_id", "idPermintaanMbr", "idProduk", "nomorMBR", "tipeMBR", "jumlah") VALUES (48, 1, 24, 2, 'CD-000055-00-NL', 'PO', 6);
INSERT INTO "detailpermintaanmbr" ("id", "group_id", "idPermintaanMbr", "idProduk", "nomorMBR", "tipeMBR", "jumlah") VALUES (49, 0, 25, 3, 'CD-000056-00-NL', 'PO', 5);
INSERT INTO "detailpermintaanmbr" ("id", "group_id", "idPermintaanMbr", "idProduk", "nomorMBR", "tipeMBR", "jumlah") VALUES (50, 0, 26, 2, 'CC-00088-00-NL', 'PO', 10);
INSERT INTO "detailpermintaanmbr" ("id", "group_id", "idPermintaanMbr", "idProduk", "nomorMBR", "tipeMBR", "jumlah") VALUES (51, 0, 26, 2, 'CC-00082-00-NL', 'PS', 11);
INSERT INTO "detailpermintaanmbr" ("id", "group_id", "idPermintaanMbr", "idProduk", "nomorMBR", "tipeMBR", "jumlah") VALUES (52, 1, 26, 3, 'CC-00088-00-NL', 'PO', 44);
INSERT INTO "detailpermintaanmbr" ("id", "group_id", "idPermintaanMbr", "idProduk", "nomorMBR", "tipeMBR", "jumlah") VALUES (53, 2, 26, 2, 'CC-00028-00-NL', 'PO', 33);
INSERT INTO "detailpermintaanmbr" ("id", "group_id", "idPermintaanMbr", "idProduk", "nomorMBR", "tipeMBR", "jumlah") VALUES (54, 2, 26, 2, 'CC-00083-00-NL', 'PO', 5);
INSERT INTO "detailpermintaanmbr" ("id", "group_id", "idPermintaanMbr", "idProduk", "nomorMBR", "tipeMBR", "jumlah") VALUES (55, 0, 27, 3, 'CC-00056-00-NL', 'PO', 10);
INSERT INTO "detailpermintaanmbr" ("id", "group_id", "idPermintaanMbr", "idProduk", "nomorMBR", "tipeMBR", "jumlah") VALUES (56, 0, 27, 3, 'CC-00051-00-NL', 'PS', 11);
INSERT INTO "detailpermintaanmbr" ("id", "group_id", "idPermintaanMbr", "idProduk", "nomorMBR", "tipeMBR", "jumlah") VALUES (57, 1, 27, 2, 'CC-00056-00-NL', 'PO', 6);
INSERT INTO "detailpermintaanmbr" ("id", "group_id", "idPermintaanMbr", "idProduk", "nomorMBR", "tipeMBR", "jumlah") VALUES (58, 0, 28, 2, 'CC-000056-00-NL', 'PO', 2);
INSERT INTO "detailpermintaanmbr" ("id", "group_id", "idPermintaanMbr", "idProduk", "nomorMBR", "tipeMBR", "jumlah") VALUES (59, 0, 29, 3, 'CC-000002-00-NL', 'PO', 5);
INSERT INTO "detailpermintaanmbr" ("id", "group_id", "idPermintaanMbr", "idProduk", "nomorMBR", "tipeMBR", "jumlah") VALUES (105, 0, 21, 3, 'CC-00088-00-NL', 'PO', 10);
INSERT INTO "detailpermintaanmbr" ("id", "group_id", "idPermintaanMbr", "idProduk", "nomorMBR", "tipeMBR", "jumlah") VALUES (106, 0, 21, 3, 'CC-00089-00-NL', 'PS', 11);
INSERT INTO "detailpermintaanmbr" ("id", "group_id", "idPermintaanMbr", "idProduk", "nomorMBR", "tipeMBR", "jumlah") VALUES (107, 1, 21, 2, 'CC-00033-00-NL', 'PO', 5);
INSERT INTO "detailpermintaanmbr" ("id", "group_id", "idPermintaanMbr", "idProduk", "nomorMBR", "tipeMBR", "jumlah") VALUES (108, 1, 21, 2, 'CC-00034-00-NL', 'PS', 6);
INSERT INTO "detailpermintaanmbr" ("id", "group_id", "idPermintaanMbr", "idProduk", "nomorMBR", "tipeMBR", "jumlah") VALUES (109, 2, 21, 2, 'CC-00035-00-NL', 'PO', 100);
INSERT INTO "detailpermintaanmbr" ("id", "group_id", "idPermintaanMbr", "idProduk", "nomorMBR", "tipeMBR", "jumlah") VALUES (110, 3, 21, 2, 'CC-00033-00-NL', 'PO', 11);
INSERT INTO "jabatan" ("id", "namaJabatan", "isActive") VALUES (1, 'Petugas Arsip', 't');
INSERT INTO "jabatan" ("id", "namaJabatan", "isActive") VALUES (2, 'Penata Administrasi', 't');
INSERT INTO "jabatan" ("id", "namaJabatan", "isActive") VALUES (3, 'Petugas Ayak Timbang', 't');
INSERT INTO "jabatan" ("id", "namaJabatan", "isActive") VALUES (4, 'Officer', 't');
INSERT INTO "jenis_bagian" ("id", "namaJenisBagian") VALUES (1, 'Farmasi');
INSERT INTO "jenis_bagian" ("id", "namaJenisBagian") VALUES (2, 'Food');
INSERT INTO "jenis_bagian" ("id", "namaJenisBagian") VALUES (3, 'Lain-Lain');
INSERT INTO "kategori" ("id", "namaKategori", "startingNumber") VALUES (1, 'Tablet', '000000');
INSERT INTO "kategori" ("id", "namaKategori", "startingNumber") VALUES (2, 'Vitamin', '200000');
INSERT INTO "nomormbr" ("id", "idDetailPermintaan", "nomorUrut", "status", "idUserKembali", "tahun", "tanggalKembali", "idUserTerima", "nomorBatch") VALUES (13, 1, '200001', 'ACTIVE', NULL, 2025, NULL, NULL, NULL);
INSERT INTO "nomormbr" ("id", "idDetailPermintaan", "nomorUrut", "status", "idUserKembali", "tahun", "tanggalKembali", "idUserTerima", "nomorBatch") VALUES (14, 2, '200002', 'ACTIVE', NULL, 2025, NULL, NULL, NULL);
INSERT INTO "nomormbr" ("id", "idDetailPermintaan", "nomorUrut", "status", "idUserKembali", "tahun", "tanggalKembali", "idUserTerima", "nomorBatch") VALUES (17, 3, '000003', 'ACTIVE', NULL, 2025, NULL, NULL, NULL);
INSERT INTO "nomormbr" ("id", "idDetailPermintaan", "nomorUrut", "status", "idUserKembali", "tahun", "tanggalKembali", "idUserTerima", "nomorBatch") VALUES (18, 3, '000004', 'ACTIVE', NULL, 2025, NULL, NULL, NULL);
INSERT INTO "nomormbr" ("id", "idDetailPermintaan", "nomorUrut", "status", "idUserKembali", "tahun", "tanggalKembali", "idUserTerima", "nomorBatch") VALUES (19, 3, '000005', 'ACTIVE', NULL, 2025, NULL, NULL, NULL);
INSERT INTO "nomormbr" ("id", "idDetailPermintaan", "nomorUrut", "status", "idUserKembali", "tahun", "tanggalKembali", "idUserTerima", "nomorBatch") VALUES (20, 4, '000006', 'ACTIVE', NULL, 2025, NULL, NULL, NULL);
INSERT INTO "nomormbr" ("id", "idDetailPermintaan", "nomorUrut", "status", "idUserKembali", "tahun", "tanggalKembali", "idUserTerima", "nomorBatch") VALUES (21, 4, '000007', 'ACTIVE', NULL, 2025, NULL, NULL, NULL);
INSERT INTO "nomormbr" ("id", "idDetailPermintaan", "nomorUrut", "status", "idUserKembali", "tahun", "tanggalKembali", "idUserTerima", "nomorBatch") VALUES (22, 4, '000008', 'ACTIVE', NULL, 2025, NULL, NULL, NULL);
INSERT INTO "nomormbr" ("id", "idDetailPermintaan", "nomorUrut", "status", "idUserKembali", "tahun", "tanggalKembali", "idUserTerima", "nomorBatch") VALUES (23, 4, '000009', 'ACTIVE', NULL, 2025, NULL, NULL, NULL);
INSERT INTO "nomormbr" ("id", "idDetailPermintaan", "nomorUrut", "status", "idUserKembali", "tahun", "tanggalKembali", "idUserTerima", "nomorBatch") VALUES (24, 4, '000010', 'ACTIVE', NULL, 2025, NULL, NULL, NULL);
INSERT INTO "nomormbr" ("id", "idDetailPermintaan", "nomorUrut", "status", "idUserKembali", "tahun", "tanggalKembali", "idUserTerima", "nomorBatch") VALUES (15, 3, '000001', 'KEMBALI', 2, 2025, '2025-02-10 13:25:20.945', 1, 'A24A01');
INSERT INTO "nomormbr" ("id", "idDetailPermintaan", "nomorUrut", "status", "idUserKembali", "tahun", "tanggalKembali", "idUserTerima", "nomorBatch") VALUES (16, 3, '000002', 'KEMBALI', 2, 2025, '2025-02-10 13:25:28.697', 1, 'A24A02');
INSERT INTO "nomormbr" ("id", "idDetailPermintaan", "nomorUrut", "status", "idUserKembali", "tahun", "tanggalKembali", "idUserTerima", "nomorBatch") VALUES (25, 5, '200003', 'ACTIVE', NULL, 2025, NULL, NULL, NULL);
INSERT INTO "nomormbr" ("id", "idDetailPermintaan", "nomorUrut", "status", "idUserKembali", "tahun", "tanggalKembali", "idUserTerima", "nomorBatch") VALUES (26, 5, '200004', 'ACTIVE', NULL, 2025, NULL, NULL, NULL);
INSERT INTO "nomormbr" ("id", "idDetailPermintaan", "nomorUrut", "status", "idUserKembali", "tahun", "tanggalKembali", "idUserTerima", "nomorBatch") VALUES (27, 5, '200005', 'ACTIVE', NULL, 2025, NULL, NULL, NULL);
INSERT INTO "nomormbr" ("id", "idDetailPermintaan", "nomorUrut", "status", "idUserKembali", "tahun", "tanggalKembali", "idUserTerima", "nomorBatch") VALUES (28, 5, '200006', 'ACTIVE', NULL, 2025, NULL, NULL, NULL);
INSERT INTO "nomormbr" ("id", "idDetailPermintaan", "nomorUrut", "status", "idUserKembali", "tahun", "tanggalKembali", "idUserTerima", "nomorBatch") VALUES (29, 5, '200007', 'ACTIVE', NULL, 2025, NULL, NULL, NULL);
INSERT INTO "nomormbr" ("id", "idDetailPermintaan", "nomorUrut", "status", "idUserKembali", "tahun", "tanggalKembali", "idUserTerima", "nomorBatch") VALUES (30, 41, '200008', 'ACTIVE', NULL, 2025, NULL, NULL, NULL);
INSERT INTO "nomormbr" ("id", "idDetailPermintaan", "nomorUrut", "status", "idUserKembali", "tahun", "tanggalKembali", "idUserTerima", "nomorBatch") VALUES (31, 41, '200009', 'ACTIVE', NULL, 2025, NULL, NULL, NULL);
INSERT INTO "nomormbr" ("id", "idDetailPermintaan", "nomorUrut", "status", "idUserKembali", "tahun", "tanggalKembali", "idUserTerima", "nomorBatch") VALUES (32, 42, '200010', 'ACTIVE', NULL, 2025, NULL, NULL, NULL);
INSERT INTO "nomormbr" ("id", "idDetailPermintaan", "nomorUrut", "status", "idUserKembali", "tahun", "tanggalKembali", "idUserTerima", "nomorBatch") VALUES (33, 42, '200011', 'ACTIVE', NULL, 2025, NULL, NULL, NULL);
INSERT INTO "nomormbr" ("id", "idDetailPermintaan", "nomorUrut", "status", "idUserKembali", "tahun", "tanggalKembali", "idUserTerima", "nomorBatch") VALUES (34, 42, '200012', 'ACTIVE', NULL, 2025, NULL, NULL, NULL);
INSERT INTO "nomormbr" ("id", "idDetailPermintaan", "nomorUrut", "status", "idUserKembali", "tahun", "tanggalKembali", "idUserTerima", "nomorBatch") VALUES (35, 43, '000011', 'ACTIVE', NULL, 2025, NULL, NULL, NULL);
INSERT INTO "nomormbr" ("id", "idDetailPermintaan", "nomorUrut", "status", "idUserKembali", "tahun", "tanggalKembali", "idUserTerima", "nomorBatch") VALUES (36, 43, '000012', 'ACTIVE', NULL, 2025, NULL, NULL, NULL);
INSERT INTO "nomormbr" ("id", "idDetailPermintaan", "nomorUrut", "status", "idUserKembali", "tahun", "tanggalKembali", "idUserTerima", "nomorBatch") VALUES (37, 43, '000013', 'ACTIVE', NULL, 2025, NULL, NULL, NULL);
INSERT INTO "nomormbr" ("id", "idDetailPermintaan", "nomorUrut", "status", "idUserKembali", "tahun", "tanggalKembali", "idUserTerima", "nomorBatch") VALUES (38, 44, '000014', 'ACTIVE', NULL, 2025, NULL, NULL, NULL);
INSERT INTO "nomormbr" ("id", "idDetailPermintaan", "nomorUrut", "status", "idUserKembali", "tahun", "tanggalKembali", "idUserTerima", "nomorBatch") VALUES (39, 44, '000015', 'ACTIVE', NULL, 2025, NULL, NULL, NULL);
INSERT INTO "nomormbr" ("id", "idDetailPermintaan", "nomorUrut", "status", "idUserKembali", "tahun", "tanggalKembali", "idUserTerima", "nomorBatch") VALUES (40, 44, '000016', 'ACTIVE', NULL, 2025, NULL, NULL, NULL);
INSERT INTO "nomormbr" ("id", "idDetailPermintaan", "nomorUrut", "status", "idUserKembali", "tahun", "tanggalKembali", "idUserTerima", "nomorBatch") VALUES (41, 58, '000017', 'ACTIVE', NULL, 2025, NULL, NULL, NULL);
INSERT INTO "nomormbr" ("id", "idDetailPermintaan", "nomorUrut", "status", "idUserKembali", "tahun", "tanggalKembali", "idUserTerima", "nomorBatch") VALUES (42, 58, '000018', 'ACTIVE', NULL, 2025, NULL, NULL, NULL);
INSERT INTO "nomormbr" ("id", "idDetailPermintaan", "nomorUrut", "status", "idUserKembali", "tahun", "tanggalKembali", "idUserTerima", "nomorBatch") VALUES (43, 55, '200013', 'ACTIVE', NULL, 2025, NULL, NULL, NULL);
INSERT INTO "nomormbr" ("id", "idDetailPermintaan", "nomorUrut", "status", "idUserKembali", "tahun", "tanggalKembali", "idUserTerima", "nomorBatch") VALUES (44, 55, '200014', 'ACTIVE', NULL, 2025, NULL, NULL, NULL);
INSERT INTO "nomormbr" ("id", "idDetailPermintaan", "nomorUrut", "status", "idUserKembali", "tahun", "tanggalKembali", "idUserTerima", "nomorBatch") VALUES (45, 55, '200015', 'ACTIVE', NULL, 2025, NULL, NULL, NULL);
INSERT INTO "nomormbr" ("id", "idDetailPermintaan", "nomorUrut", "status", "idUserKembali", "tahun", "tanggalKembali", "idUserTerima", "nomorBatch") VALUES (46, 55, '200016', 'ACTIVE', NULL, 2025, NULL, NULL, NULL);
INSERT INTO "nomormbr" ("id", "idDetailPermintaan", "nomorUrut", "status", "idUserKembali", "tahun", "tanggalKembali", "idUserTerima", "nomorBatch") VALUES (47, 55, '200017', 'ACTIVE', NULL, 2025, NULL, NULL, NULL);
INSERT INTO "nomormbr" ("id", "idDetailPermintaan", "nomorUrut", "status", "idUserKembali", "tahun", "tanggalKembali", "idUserTerima", "nomorBatch") VALUES (48, 55, '200018', 'ACTIVE', NULL, 2025, NULL, NULL, NULL);
INSERT INTO "nomormbr" ("id", "idDetailPermintaan", "nomorUrut", "status", "idUserKembali", "tahun", "tanggalKembali", "idUserTerima", "nomorBatch") VALUES (49, 55, '200019', 'ACTIVE', NULL, 2025, NULL, NULL, NULL);
INSERT INTO "nomormbr" ("id", "idDetailPermintaan", "nomorUrut", "status", "idUserKembali", "tahun", "tanggalKembali", "idUserTerima", "nomorBatch") VALUES (50, 55, '200020', 'ACTIVE', NULL, 2025, NULL, NULL, NULL);
INSERT INTO "nomormbr" ("id", "idDetailPermintaan", "nomorUrut", "status", "idUserKembali", "tahun", "tanggalKembali", "idUserTerima", "nomorBatch") VALUES (51, 55, '200021', 'ACTIVE', NULL, 2025, NULL, NULL, NULL);
INSERT INTO "nomormbr" ("id", "idDetailPermintaan", "nomorUrut", "status", "idUserKembali", "tahun", "tanggalKembali", "idUserTerima", "nomorBatch") VALUES (52, 55, '200022', 'ACTIVE', NULL, 2025, NULL, NULL, NULL);
INSERT INTO "nomormbr" ("id", "idDetailPermintaan", "nomorUrut", "status", "idUserKembali", "tahun", "tanggalKembali", "idUserTerima", "nomorBatch") VALUES (53, 56, '200023', 'ACTIVE', NULL, 2025, NULL, NULL, NULL);
INSERT INTO "nomormbr" ("id", "idDetailPermintaan", "nomorUrut", "status", "idUserKembali", "tahun", "tanggalKembali", "idUserTerima", "nomorBatch") VALUES (54, 56, '200024', 'ACTIVE', NULL, 2025, NULL, NULL, NULL);
INSERT INTO "nomormbr" ("id", "idDetailPermintaan", "nomorUrut", "status", "idUserKembali", "tahun", "tanggalKembali", "idUserTerima", "nomorBatch") VALUES (55, 56, '200025', 'ACTIVE', NULL, 2025, NULL, NULL, NULL);
INSERT INTO "nomormbr" ("id", "idDetailPermintaan", "nomorUrut", "status", "idUserKembali", "tahun", "tanggalKembali", "idUserTerima", "nomorBatch") VALUES (56, 56, '200026', 'ACTIVE', NULL, 2025, NULL, NULL, NULL);
INSERT INTO "nomormbr" ("id", "idDetailPermintaan", "nomorUrut", "status", "idUserKembali", "tahun", "tanggalKembali", "idUserTerima", "nomorBatch") VALUES (57, 56, '200027', 'ACTIVE', NULL, 2025, NULL, NULL, NULL);
INSERT INTO "nomormbr" ("id", "idDetailPermintaan", "nomorUrut", "status", "idUserKembali", "tahun", "tanggalKembali", "idUserTerima", "nomorBatch") VALUES (58, 56, '200028', 'ACTIVE', NULL, 2025, NULL, NULL, NULL);
INSERT INTO "nomormbr" ("id", "idDetailPermintaan", "nomorUrut", "status", "idUserKembali", "tahun", "tanggalKembali", "idUserTerima", "nomorBatch") VALUES (59, 56, '200029', 'ACTIVE', NULL, 2025, NULL, NULL, NULL);
INSERT INTO "nomormbr" ("id", "idDetailPermintaan", "nomorUrut", "status", "idUserKembali", "tahun", "tanggalKembali", "idUserTerima", "nomorBatch") VALUES (60, 56, '200030', 'ACTIVE', NULL, 2025, NULL, NULL, NULL);
INSERT INTO "nomormbr" ("id", "idDetailPermintaan", "nomorUrut", "status", "idUserKembali", "tahun", "tanggalKembali", "idUserTerima", "nomorBatch") VALUES (61, 56, '200031', 'ACTIVE', NULL, 2025, NULL, NULL, NULL);
INSERT INTO "nomormbr" ("id", "idDetailPermintaan", "nomorUrut", "status", "idUserKembali", "tahun", "tanggalKembali", "idUserTerima", "nomorBatch") VALUES (62, 56, '200032', 'ACTIVE', NULL, 2025, NULL, NULL, NULL);
INSERT INTO "nomormbr" ("id", "idDetailPermintaan", "nomorUrut", "status", "idUserKembali", "tahun", "tanggalKembali", "idUserTerima", "nomorBatch") VALUES (63, 56, '200033', 'ACTIVE', NULL, 2025, NULL, NULL, NULL);
INSERT INTO "nomormbr" ("id", "idDetailPermintaan", "nomorUrut", "status", "idUserKembali", "tahun", "tanggalKembali", "idUserTerima", "nomorBatch") VALUES (64, 57, '000019', 'ACTIVE', NULL, 2025, NULL, NULL, NULL);
INSERT INTO "nomormbr" ("id", "idDetailPermintaan", "nomorUrut", "status", "idUserKembali", "tahun", "tanggalKembali", "idUserTerima", "nomorBatch") VALUES (65, 57, '000020', 'ACTIVE', NULL, 2025, NULL, NULL, NULL);
INSERT INTO "nomormbr" ("id", "idDetailPermintaan", "nomorUrut", "status", "idUserKembali", "tahun", "tanggalKembali", "idUserTerima", "nomorBatch") VALUES (66, 57, '000021', 'ACTIVE', NULL, 2025, NULL, NULL, NULL);
INSERT INTO "nomormbr" ("id", "idDetailPermintaan", "nomorUrut", "status", "idUserKembali", "tahun", "tanggalKembali", "idUserTerima", "nomorBatch") VALUES (67, 57, '000022', 'ACTIVE', NULL, 2025, NULL, NULL, NULL);
INSERT INTO "nomormbr" ("id", "idDetailPermintaan", "nomorUrut", "status", "idUserKembali", "tahun", "tanggalKembali", "idUserTerima", "nomorBatch") VALUES (68, 57, '000023', 'ACTIVE', NULL, 2025, NULL, NULL, NULL);
INSERT INTO "nomormbr" ("id", "idDetailPermintaan", "nomorUrut", "status", "idUserKembali", "tahun", "tanggalKembali", "idUserTerima", "nomorBatch") VALUES (69, 57, '000024', 'ACTIVE', NULL, 2025, NULL, NULL, NULL);
INSERT INTO "nomormbr" ("id", "idDetailPermintaan", "nomorUrut", "status", "idUserKembali", "tahun", "tanggalKembali", "idUserTerima", "nomorBatch") VALUES (70, 50, '000025', 'ACTIVE', NULL, 2025, NULL, NULL, NULL);
INSERT INTO "nomormbr" ("id", "idDetailPermintaan", "nomorUrut", "status", "idUserKembali", "tahun", "tanggalKembali", "idUserTerima", "nomorBatch") VALUES (71, 50, '000026', 'ACTIVE', NULL, 2025, NULL, NULL, NULL);
INSERT INTO "nomormbr" ("id", "idDetailPermintaan", "nomorUrut", "status", "idUserKembali", "tahun", "tanggalKembali", "idUserTerima", "nomorBatch") VALUES (72, 50, '000027', 'ACTIVE', NULL, 2025, NULL, NULL, NULL);
INSERT INTO "nomormbr" ("id", "idDetailPermintaan", "nomorUrut", "status", "idUserKembali", "tahun", "tanggalKembali", "idUserTerima", "nomorBatch") VALUES (73, 50, '000028', 'ACTIVE', NULL, 2025, NULL, NULL, NULL);
INSERT INTO "nomormbr" ("id", "idDetailPermintaan", "nomorUrut", "status", "idUserKembali", "tahun", "tanggalKembali", "idUserTerima", "nomorBatch") VALUES (74, 50, '000029', 'ACTIVE', NULL, 2025, NULL, NULL, NULL);
INSERT INTO "nomormbr" ("id", "idDetailPermintaan", "nomorUrut", "status", "idUserKembali", "tahun", "tanggalKembali", "idUserTerima", "nomorBatch") VALUES (75, 50, '000030', 'ACTIVE', NULL, 2025, NULL, NULL, NULL);
INSERT INTO "nomormbr" ("id", "idDetailPermintaan", "nomorUrut", "status", "idUserKembali", "tahun", "tanggalKembali", "idUserTerima", "nomorBatch") VALUES (76, 50, '000031', 'ACTIVE', NULL, 2025, NULL, NULL, NULL);
INSERT INTO "nomormbr" ("id", "idDetailPermintaan", "nomorUrut", "status", "idUserKembali", "tahun", "tanggalKembali", "idUserTerima", "nomorBatch") VALUES (77, 50, '000032', 'ACTIVE', NULL, 2025, NULL, NULL, NULL);
INSERT INTO "nomormbr" ("id", "idDetailPermintaan", "nomorUrut", "status", "idUserKembali", "tahun", "tanggalKembali", "idUserTerima", "nomorBatch") VALUES (78, 50, '000033', 'ACTIVE', NULL, 2025, NULL, NULL, NULL);
INSERT INTO "nomormbr" ("id", "idDetailPermintaan", "nomorUrut", "status", "idUserKembali", "tahun", "tanggalKembali", "idUserTerima", "nomorBatch") VALUES (79, 50, '000034', 'ACTIVE', NULL, 2025, NULL, NULL, NULL);
INSERT INTO "nomormbr" ("id", "idDetailPermintaan", "nomorUrut", "status", "idUserKembali", "tahun", "tanggalKembali", "idUserTerima", "nomorBatch") VALUES (80, 51, '000035', 'ACTIVE', NULL, 2025, NULL, NULL, NULL);
INSERT INTO "nomormbr" ("id", "idDetailPermintaan", "nomorUrut", "status", "idUserKembali", "tahun", "tanggalKembali", "idUserTerima", "nomorBatch") VALUES (81, 51, '000036', 'ACTIVE', NULL, 2025, NULL, NULL, NULL);
INSERT INTO "nomormbr" ("id", "idDetailPermintaan", "nomorUrut", "status", "idUserKembali", "tahun", "tanggalKembali", "idUserTerima", "nomorBatch") VALUES (82, 51, '000037', 'ACTIVE', NULL, 2025, NULL, NULL, NULL);
INSERT INTO "nomormbr" ("id", "idDetailPermintaan", "nomorUrut", "status", "idUserKembali", "tahun", "tanggalKembali", "idUserTerima", "nomorBatch") VALUES (83, 51, '000038', 'ACTIVE', NULL, 2025, NULL, NULL, NULL);
INSERT INTO "nomormbr" ("id", "idDetailPermintaan", "nomorUrut", "status", "idUserKembali", "tahun", "tanggalKembali", "idUserTerima", "nomorBatch") VALUES (84, 51, '000039', 'ACTIVE', NULL, 2025, NULL, NULL, NULL);
INSERT INTO "nomormbr" ("id", "idDetailPermintaan", "nomorUrut", "status", "idUserKembali", "tahun", "tanggalKembali", "idUserTerima", "nomorBatch") VALUES (85, 51, '000040', 'ACTIVE', NULL, 2025, NULL, NULL, NULL);
INSERT INTO "nomormbr" ("id", "idDetailPermintaan", "nomorUrut", "status", "idUserKembali", "tahun", "tanggalKembali", "idUserTerima", "nomorBatch") VALUES (86, 51, '000041', 'ACTIVE', NULL, 2025, NULL, NULL, NULL);
INSERT INTO "nomormbr" ("id", "idDetailPermintaan", "nomorUrut", "status", "idUserKembali", "tahun", "tanggalKembali", "idUserTerima", "nomorBatch") VALUES (87, 51, '000042', 'ACTIVE', NULL, 2025, NULL, NULL, NULL);
INSERT INTO "nomormbr" ("id", "idDetailPermintaan", "nomorUrut", "status", "idUserKembali", "tahun", "tanggalKembali", "idUserTerima", "nomorBatch") VALUES (88, 51, '000043', 'ACTIVE', NULL, 2025, NULL, NULL, NULL);
INSERT INTO "nomormbr" ("id", "idDetailPermintaan", "nomorUrut", "status", "idUserKembali", "tahun", "tanggalKembali", "idUserTerima", "nomorBatch") VALUES (89, 51, '000044', 'ACTIVE', NULL, 2025, NULL, NULL, NULL);
INSERT INTO "nomormbr" ("id", "idDetailPermintaan", "nomorUrut", "status", "idUserKembali", "tahun", "tanggalKembali", "idUserTerima", "nomorBatch") VALUES (90, 51, '000045', 'ACTIVE', NULL, 2025, NULL, NULL, NULL);
INSERT INTO "nomormbr" ("id", "idDetailPermintaan", "nomorUrut", "status", "idUserKembali", "tahun", "tanggalKembali", "idUserTerima", "nomorBatch") VALUES (91, 52, '200034', 'ACTIVE', NULL, 2025, NULL, NULL, NULL);
INSERT INTO "nomormbr" ("id", "idDetailPermintaan", "nomorUrut", "status", "idUserKembali", "tahun", "tanggalKembali", "idUserTerima", "nomorBatch") VALUES (92, 52, '200035', 'ACTIVE', NULL, 2025, NULL, NULL, NULL);
INSERT INTO "nomormbr" ("id", "idDetailPermintaan", "nomorUrut", "status", "idUserKembali", "tahun", "tanggalKembali", "idUserTerima", "nomorBatch") VALUES (93, 52, '200036', 'ACTIVE', NULL, 2025, NULL, NULL, NULL);
INSERT INTO "nomormbr" ("id", "idDetailPermintaan", "nomorUrut", "status", "idUserKembali", "tahun", "tanggalKembali", "idUserTerima", "nomorBatch") VALUES (94, 52, '200037', 'ACTIVE', NULL, 2025, NULL, NULL, NULL);
INSERT INTO "nomormbr" ("id", "idDetailPermintaan", "nomorUrut", "status", "idUserKembali", "tahun", "tanggalKembali", "idUserTerima", "nomorBatch") VALUES (95, 52, '200038', 'ACTIVE', NULL, 2025, NULL, NULL, NULL);
INSERT INTO "nomormbr" ("id", "idDetailPermintaan", "nomorUrut", "status", "idUserKembali", "tahun", "tanggalKembali", "idUserTerima", "nomorBatch") VALUES (96, 52, '200039', 'ACTIVE', NULL, 2025, NULL, NULL, NULL);
INSERT INTO "nomormbr" ("id", "idDetailPermintaan", "nomorUrut", "status", "idUserKembali", "tahun", "tanggalKembali", "idUserTerima", "nomorBatch") VALUES (97, 52, '200040', 'ACTIVE', NULL, 2025, NULL, NULL, NULL);
INSERT INTO "nomormbr" ("id", "idDetailPermintaan", "nomorUrut", "status", "idUserKembali", "tahun", "tanggalKembali", "idUserTerima", "nomorBatch") VALUES (98, 52, '200041', 'ACTIVE', NULL, 2025, NULL, NULL, NULL);
INSERT INTO "nomormbr" ("id", "idDetailPermintaan", "nomorUrut", "status", "idUserKembali", "tahun", "tanggalKembali", "idUserTerima", "nomorBatch") VALUES (99, 52, '200042', 'ACTIVE', NULL, 2025, NULL, NULL, NULL);
INSERT INTO "nomormbr" ("id", "idDetailPermintaan", "nomorUrut", "status", "idUserKembali", "tahun", "tanggalKembali", "idUserTerima", "nomorBatch") VALUES (100, 52, '200043', 'ACTIVE', NULL, 2025, NULL, NULL, NULL);
INSERT INTO "nomormbr" ("id", "idDetailPermintaan", "nomorUrut", "status", "idUserKembali", "tahun", "tanggalKembali", "idUserTerima", "nomorBatch") VALUES (101, 52, '200044', 'ACTIVE', NULL, 2025, NULL, NULL, NULL);
INSERT INTO "nomormbr" ("id", "idDetailPermintaan", "nomorUrut", "status", "idUserKembali", "tahun", "tanggalKembali", "idUserTerima", "nomorBatch") VALUES (102, 52, '200045', 'ACTIVE', NULL, 2025, NULL, NULL, NULL);
INSERT INTO "nomormbr" ("id", "idDetailPermintaan", "nomorUrut", "status", "idUserKembali", "tahun", "tanggalKembali", "idUserTerima", "nomorBatch") VALUES (103, 52, '200046', 'ACTIVE', NULL, 2025, NULL, NULL, NULL);
INSERT INTO "nomormbr" ("id", "idDetailPermintaan", "nomorUrut", "status", "idUserKembali", "tahun", "tanggalKembali", "idUserTerima", "nomorBatch") VALUES (104, 52, '200047', 'ACTIVE', NULL, 2025, NULL, NULL, NULL);
INSERT INTO "nomormbr" ("id", "idDetailPermintaan", "nomorUrut", "status", "idUserKembali", "tahun", "tanggalKembali", "idUserTerima", "nomorBatch") VALUES (105, 52, '200048', 'ACTIVE', NULL, 2025, NULL, NULL, NULL);
INSERT INTO "nomormbr" ("id", "idDetailPermintaan", "nomorUrut", "status", "idUserKembali", "tahun", "tanggalKembali", "idUserTerima", "nomorBatch") VALUES (106, 52, '200049', 'ACTIVE', NULL, 2025, NULL, NULL, NULL);
INSERT INTO "nomormbr" ("id", "idDetailPermintaan", "nomorUrut", "status", "idUserKembali", "tahun", "tanggalKembali", "idUserTerima", "nomorBatch") VALUES (107, 52, '200050', 'ACTIVE', NULL, 2025, NULL, NULL, NULL);
INSERT INTO "nomormbr" ("id", "idDetailPermintaan", "nomorUrut", "status", "idUserKembali", "tahun", "tanggalKembali", "idUserTerima", "nomorBatch") VALUES (108, 52, '200051', 'ACTIVE', NULL, 2025, NULL, NULL, NULL);
INSERT INTO "nomormbr" ("id", "idDetailPermintaan", "nomorUrut", "status", "idUserKembali", "tahun", "tanggalKembali", "idUserTerima", "nomorBatch") VALUES (109, 52, '200052', 'ACTIVE', NULL, 2025, NULL, NULL, NULL);
INSERT INTO "nomormbr" ("id", "idDetailPermintaan", "nomorUrut", "status", "idUserKembali", "tahun", "tanggalKembali", "idUserTerima", "nomorBatch") VALUES (110, 52, '200053', 'ACTIVE', NULL, 2025, NULL, NULL, NULL);
INSERT INTO "nomormbr" ("id", "idDetailPermintaan", "nomorUrut", "status", "idUserKembali", "tahun", "tanggalKembali", "idUserTerima", "nomorBatch") VALUES (111, 52, '200054', 'ACTIVE', NULL, 2025, NULL, NULL, NULL);
INSERT INTO "nomormbr" ("id", "idDetailPermintaan", "nomorUrut", "status", "idUserKembali", "tahun", "tanggalKembali", "idUserTerima", "nomorBatch") VALUES (112, 52, '200055', 'ACTIVE', NULL, 2025, NULL, NULL, NULL);
INSERT INTO "nomormbr" ("id", "idDetailPermintaan", "nomorUrut", "status", "idUserKembali", "tahun", "tanggalKembali", "idUserTerima", "nomorBatch") VALUES (113, 52, '200056', 'ACTIVE', NULL, 2025, NULL, NULL, NULL);
INSERT INTO "nomormbr" ("id", "idDetailPermintaan", "nomorUrut", "status", "idUserKembali", "tahun", "tanggalKembali", "idUserTerima", "nomorBatch") VALUES (114, 52, '200057', 'ACTIVE', NULL, 2025, NULL, NULL, NULL);
INSERT INTO "nomormbr" ("id", "idDetailPermintaan", "nomorUrut", "status", "idUserKembali", "tahun", "tanggalKembali", "idUserTerima", "nomorBatch") VALUES (115, 52, '200058', 'ACTIVE', NULL, 2025, NULL, NULL, NULL);
INSERT INTO "nomormbr" ("id", "idDetailPermintaan", "nomorUrut", "status", "idUserKembali", "tahun", "tanggalKembali", "idUserTerima", "nomorBatch") VALUES (116, 52, '200059', 'ACTIVE', NULL, 2025, NULL, NULL, NULL);
INSERT INTO "nomormbr" ("id", "idDetailPermintaan", "nomorUrut", "status", "idUserKembali", "tahun", "tanggalKembali", "idUserTerima", "nomorBatch") VALUES (117, 52, '200060', 'ACTIVE', NULL, 2025, NULL, NULL, NULL);
INSERT INTO "nomormbr" ("id", "idDetailPermintaan", "nomorUrut", "status", "idUserKembali", "tahun", "tanggalKembali", "idUserTerima", "nomorBatch") VALUES (118, 52, '200061', 'ACTIVE', NULL, 2025, NULL, NULL, NULL);
INSERT INTO "nomormbr" ("id", "idDetailPermintaan", "nomorUrut", "status", "idUserKembali", "tahun", "tanggalKembali", "idUserTerima", "nomorBatch") VALUES (119, 52, '200062', 'ACTIVE', NULL, 2025, NULL, NULL, NULL);
INSERT INTO "nomormbr" ("id", "idDetailPermintaan", "nomorUrut", "status", "idUserKembali", "tahun", "tanggalKembali", "idUserTerima", "nomorBatch") VALUES (120, 52, '200063', 'ACTIVE', NULL, 2025, NULL, NULL, NULL);
INSERT INTO "nomormbr" ("id", "idDetailPermintaan", "nomorUrut", "status", "idUserKembali", "tahun", "tanggalKembali", "idUserTerima", "nomorBatch") VALUES (121, 52, '200064', 'ACTIVE', NULL, 2025, NULL, NULL, NULL);
INSERT INTO "nomormbr" ("id", "idDetailPermintaan", "nomorUrut", "status", "idUserKembali", "tahun", "tanggalKembali", "idUserTerima", "nomorBatch") VALUES (122, 52, '200065', 'ACTIVE', NULL, 2025, NULL, NULL, NULL);
INSERT INTO "nomormbr" ("id", "idDetailPermintaan", "nomorUrut", "status", "idUserKembali", "tahun", "tanggalKembali", "idUserTerima", "nomorBatch") VALUES (123, 52, '200066', 'ACTIVE', NULL, 2025, NULL, NULL, NULL);
INSERT INTO "nomormbr" ("id", "idDetailPermintaan", "nomorUrut", "status", "idUserKembali", "tahun", "tanggalKembali", "idUserTerima", "nomorBatch") VALUES (124, 52, '200067', 'ACTIVE', NULL, 2025, NULL, NULL, NULL);
INSERT INTO "nomormbr" ("id", "idDetailPermintaan", "nomorUrut", "status", "idUserKembali", "tahun", "tanggalKembali", "idUserTerima", "nomorBatch") VALUES (125, 52, '200068', 'ACTIVE', NULL, 2025, NULL, NULL, NULL);
INSERT INTO "nomormbr" ("id", "idDetailPermintaan", "nomorUrut", "status", "idUserKembali", "tahun", "tanggalKembali", "idUserTerima", "nomorBatch") VALUES (126, 52, '200069', 'ACTIVE', NULL, 2025, NULL, NULL, NULL);
INSERT INTO "nomormbr" ("id", "idDetailPermintaan", "nomorUrut", "status", "idUserKembali", "tahun", "tanggalKembali", "idUserTerima", "nomorBatch") VALUES (127, 52, '200070', 'ACTIVE', NULL, 2025, NULL, NULL, NULL);
INSERT INTO "nomormbr" ("id", "idDetailPermintaan", "nomorUrut", "status", "idUserKembali", "tahun", "tanggalKembali", "idUserTerima", "nomorBatch") VALUES (128, 52, '200071', 'ACTIVE', NULL, 2025, NULL, NULL, NULL);
INSERT INTO "nomormbr" ("id", "idDetailPermintaan", "nomorUrut", "status", "idUserKembali", "tahun", "tanggalKembali", "idUserTerima", "nomorBatch") VALUES (129, 52, '200072', 'ACTIVE', NULL, 2025, NULL, NULL, NULL);
INSERT INTO "nomormbr" ("id", "idDetailPermintaan", "nomorUrut", "status", "idUserKembali", "tahun", "tanggalKembali", "idUserTerima", "nomorBatch") VALUES (130, 52, '200073', 'ACTIVE', NULL, 2025, NULL, NULL, NULL);
INSERT INTO "nomormbr" ("id", "idDetailPermintaan", "nomorUrut", "status", "idUserKembali", "tahun", "tanggalKembali", "idUserTerima", "nomorBatch") VALUES (131, 52, '200074', 'ACTIVE', NULL, 2025, NULL, NULL, NULL);
INSERT INTO "nomormbr" ("id", "idDetailPermintaan", "nomorUrut", "status", "idUserKembali", "tahun", "tanggalKembali", "idUserTerima", "nomorBatch") VALUES (132, 52, '200075', 'ACTIVE', NULL, 2025, NULL, NULL, NULL);
INSERT INTO "nomormbr" ("id", "idDetailPermintaan", "nomorUrut", "status", "idUserKembali", "tahun", "tanggalKembali", "idUserTerima", "nomorBatch") VALUES (133, 52, '200076', 'ACTIVE', NULL, 2025, NULL, NULL, NULL);
INSERT INTO "nomormbr" ("id", "idDetailPermintaan", "nomorUrut", "status", "idUserKembali", "tahun", "tanggalKembali", "idUserTerima", "nomorBatch") VALUES (134, 52, '200077', 'ACTIVE', NULL, 2025, NULL, NULL, NULL);
INSERT INTO "nomormbr" ("id", "idDetailPermintaan", "nomorUrut", "status", "idUserKembali", "tahun", "tanggalKembali", "idUserTerima", "nomorBatch") VALUES (135, 53, '000046', 'ACTIVE', NULL, 2025, NULL, NULL, NULL);
INSERT INTO "nomormbr" ("id", "idDetailPermintaan", "nomorUrut", "status", "idUserKembali", "tahun", "tanggalKembali", "idUserTerima", "nomorBatch") VALUES (136, 53, '000047', 'ACTIVE', NULL, 2025, NULL, NULL, NULL);
INSERT INTO "nomormbr" ("id", "idDetailPermintaan", "nomorUrut", "status", "idUserKembali", "tahun", "tanggalKembali", "idUserTerima", "nomorBatch") VALUES (137, 53, '000048', 'ACTIVE', NULL, 2025, NULL, NULL, NULL);
INSERT INTO "nomormbr" ("id", "idDetailPermintaan", "nomorUrut", "status", "idUserKembali", "tahun", "tanggalKembali", "idUserTerima", "nomorBatch") VALUES (138, 53, '000049', 'ACTIVE', NULL, 2025, NULL, NULL, NULL);
INSERT INTO "nomormbr" ("id", "idDetailPermintaan", "nomorUrut", "status", "idUserKembali", "tahun", "tanggalKembali", "idUserTerima", "nomorBatch") VALUES (139, 53, '000050', 'ACTIVE', NULL, 2025, NULL, NULL, NULL);
INSERT INTO "nomormbr" ("id", "idDetailPermintaan", "nomorUrut", "status", "idUserKembali", "tahun", "tanggalKembali", "idUserTerima", "nomorBatch") VALUES (140, 53, '000051', 'ACTIVE', NULL, 2025, NULL, NULL, NULL);
INSERT INTO "nomormbr" ("id", "idDetailPermintaan", "nomorUrut", "status", "idUserKembali", "tahun", "tanggalKembali", "idUserTerima", "nomorBatch") VALUES (141, 53, '000052', 'ACTIVE', NULL, 2025, NULL, NULL, NULL);
INSERT INTO "nomormbr" ("id", "idDetailPermintaan", "nomorUrut", "status", "idUserKembali", "tahun", "tanggalKembali", "idUserTerima", "nomorBatch") VALUES (142, 53, '000053', 'ACTIVE', NULL, 2025, NULL, NULL, NULL);
INSERT INTO "nomormbr" ("id", "idDetailPermintaan", "nomorUrut", "status", "idUserKembali", "tahun", "tanggalKembali", "idUserTerima", "nomorBatch") VALUES (143, 53, '000054', 'ACTIVE', NULL, 2025, NULL, NULL, NULL);
INSERT INTO "nomormbr" ("id", "idDetailPermintaan", "nomorUrut", "status", "idUserKembali", "tahun", "tanggalKembali", "idUserTerima", "nomorBatch") VALUES (144, 53, '000055', 'ACTIVE', NULL, 2025, NULL, NULL, NULL);
INSERT INTO "nomormbr" ("id", "idDetailPermintaan", "nomorUrut", "status", "idUserKembali", "tahun", "tanggalKembali", "idUserTerima", "nomorBatch") VALUES (145, 53, '000056', 'ACTIVE', NULL, 2025, NULL, NULL, NULL);
INSERT INTO "nomormbr" ("id", "idDetailPermintaan", "nomorUrut", "status", "idUserKembali", "tahun", "tanggalKembali", "idUserTerima", "nomorBatch") VALUES (146, 53, '000057', 'ACTIVE', NULL, 2025, NULL, NULL, NULL);
INSERT INTO "nomormbr" ("id", "idDetailPermintaan", "nomorUrut", "status", "idUserKembali", "tahun", "tanggalKembali", "idUserTerima", "nomorBatch") VALUES (147, 53, '000058', 'ACTIVE', NULL, 2025, NULL, NULL, NULL);
INSERT INTO "nomormbr" ("id", "idDetailPermintaan", "nomorUrut", "status", "idUserKembali", "tahun", "tanggalKembali", "idUserTerima", "nomorBatch") VALUES (148, 53, '000059', 'ACTIVE', NULL, 2025, NULL, NULL, NULL);
INSERT INTO "nomormbr" ("id", "idDetailPermintaan", "nomorUrut", "status", "idUserKembali", "tahun", "tanggalKembali", "idUserTerima", "nomorBatch") VALUES (149, 53, '000060', 'ACTIVE', NULL, 2025, NULL, NULL, NULL);
INSERT INTO "nomormbr" ("id", "idDetailPermintaan", "nomorUrut", "status", "idUserKembali", "tahun", "tanggalKembali", "idUserTerima", "nomorBatch") VALUES (150, 53, '000061', 'ACTIVE', NULL, 2025, NULL, NULL, NULL);
INSERT INTO "nomormbr" ("id", "idDetailPermintaan", "nomorUrut", "status", "idUserKembali", "tahun", "tanggalKembali", "idUserTerima", "nomorBatch") VALUES (151, 53, '000062', 'ACTIVE', NULL, 2025, NULL, NULL, NULL);
INSERT INTO "nomormbr" ("id", "idDetailPermintaan", "nomorUrut", "status", "idUserKembali", "tahun", "tanggalKembali", "idUserTerima", "nomorBatch") VALUES (152, 53, '000063', 'ACTIVE', NULL, 2025, NULL, NULL, NULL);
INSERT INTO "nomormbr" ("id", "idDetailPermintaan", "nomorUrut", "status", "idUserKembali", "tahun", "tanggalKembali", "idUserTerima", "nomorBatch") VALUES (153, 53, '000064', 'ACTIVE', NULL, 2025, NULL, NULL, NULL);
INSERT INTO "nomormbr" ("id", "idDetailPermintaan", "nomorUrut", "status", "idUserKembali", "tahun", "tanggalKembali", "idUserTerima", "nomorBatch") VALUES (154, 53, '000065', 'ACTIVE', NULL, 2025, NULL, NULL, NULL);
INSERT INTO "nomormbr" ("id", "idDetailPermintaan", "nomorUrut", "status", "idUserKembali", "tahun", "tanggalKembali", "idUserTerima", "nomorBatch") VALUES (155, 53, '000066', 'ACTIVE', NULL, 2025, NULL, NULL, NULL);
INSERT INTO "nomormbr" ("id", "idDetailPermintaan", "nomorUrut", "status", "idUserKembali", "tahun", "tanggalKembali", "idUserTerima", "nomorBatch") VALUES (156, 53, '000067', 'ACTIVE', NULL, 2025, NULL, NULL, NULL);
INSERT INTO "nomormbr" ("id", "idDetailPermintaan", "nomorUrut", "status", "idUserKembali", "tahun", "tanggalKembali", "idUserTerima", "nomorBatch") VALUES (157, 53, '000068', 'ACTIVE', NULL, 2025, NULL, NULL, NULL);
INSERT INTO "nomormbr" ("id", "idDetailPermintaan", "nomorUrut", "status", "idUserKembali", "tahun", "tanggalKembali", "idUserTerima", "nomorBatch") VALUES (158, 53, '000069', 'ACTIVE', NULL, 2025, NULL, NULL, NULL);
INSERT INTO "nomormbr" ("id", "idDetailPermintaan", "nomorUrut", "status", "idUserKembali", "tahun", "tanggalKembali", "idUserTerima", "nomorBatch") VALUES (159, 53, '000070', 'ACTIVE', NULL, 2025, NULL, NULL, NULL);
INSERT INTO "nomormbr" ("id", "idDetailPermintaan", "nomorUrut", "status", "idUserKembali", "tahun", "tanggalKembali", "idUserTerima", "nomorBatch") VALUES (160, 53, '000071', 'ACTIVE', NULL, 2025, NULL, NULL, NULL);
INSERT INTO "nomormbr" ("id", "idDetailPermintaan", "nomorUrut", "status", "idUserKembali", "tahun", "tanggalKembali", "idUserTerima", "nomorBatch") VALUES (161, 53, '000072', 'ACTIVE', NULL, 2025, NULL, NULL, NULL);
INSERT INTO "nomormbr" ("id", "idDetailPermintaan", "nomorUrut", "status", "idUserKembali", "tahun", "tanggalKembali", "idUserTerima", "nomorBatch") VALUES (162, 53, '000073', 'ACTIVE', NULL, 2025, NULL, NULL, NULL);
INSERT INTO "nomormbr" ("id", "idDetailPermintaan", "nomorUrut", "status", "idUserKembali", "tahun", "tanggalKembali", "idUserTerima", "nomorBatch") VALUES (163, 53, '000074', 'ACTIVE', NULL, 2025, NULL, NULL, NULL);
INSERT INTO "nomormbr" ("id", "idDetailPermintaan", "nomorUrut", "status", "idUserKembali", "tahun", "tanggalKembali", "idUserTerima", "nomorBatch") VALUES (164, 53, '000075', 'ACTIVE', NULL, 2025, NULL, NULL, NULL);
INSERT INTO "nomormbr" ("id", "idDetailPermintaan", "nomorUrut", "status", "idUserKembali", "tahun", "tanggalKembali", "idUserTerima", "nomorBatch") VALUES (165, 53, '000076', 'ACTIVE', NULL, 2025, NULL, NULL, NULL);
INSERT INTO "nomormbr" ("id", "idDetailPermintaan", "nomorUrut", "status", "idUserKembali", "tahun", "tanggalKembali", "idUserTerima", "nomorBatch") VALUES (166, 53, '000077', 'ACTIVE', NULL, 2025, NULL, NULL, NULL);
INSERT INTO "nomormbr" ("id", "idDetailPermintaan", "nomorUrut", "status", "idUserKembali", "tahun", "tanggalKembali", "idUserTerima", "nomorBatch") VALUES (167, 53, '000078', 'ACTIVE', NULL, 2025, NULL, NULL, NULL);
INSERT INTO "nomormbr" ("id", "idDetailPermintaan", "nomorUrut", "status", "idUserKembali", "tahun", "tanggalKembali", "idUserTerima", "nomorBatch") VALUES (168, 54, '000079', 'ACTIVE', NULL, 2025, NULL, NULL, NULL);
INSERT INTO "nomormbr" ("id", "idDetailPermintaan", "nomorUrut", "status", "idUserKembali", "tahun", "tanggalKembali", "idUserTerima", "nomorBatch") VALUES (169, 54, '000080', 'ACTIVE', NULL, 2025, NULL, NULL, NULL);
INSERT INTO "nomormbr" ("id", "idDetailPermintaan", "nomorUrut", "status", "idUserKembali", "tahun", "tanggalKembali", "idUserTerima", "nomorBatch") VALUES (170, 54, '000081', 'ACTIVE', NULL, 2025, NULL, NULL, NULL);
INSERT INTO "nomormbr" ("id", "idDetailPermintaan", "nomorUrut", "status", "idUserKembali", "tahun", "tanggalKembali", "idUserTerima", "nomorBatch") VALUES (171, 54, '000082', 'ACTIVE', NULL, 2025, NULL, NULL, NULL);
INSERT INTO "nomormbr" ("id", "idDetailPermintaan", "nomorUrut", "status", "idUserKembali", "tahun", "tanggalKembali", "idUserTerima", "nomorBatch") VALUES (172, 54, '000083', 'ACTIVE', NULL, 2025, NULL, NULL, NULL);
INSERT INTO "nomormbr" ("id", "idDetailPermintaan", "nomorUrut", "status", "idUserKembali", "tahun", "tanggalKembali", "idUserTerima", "nomorBatch") VALUES (173, 49, '200078', 'ACTIVE', NULL, 2025, NULL, NULL, NULL);
INSERT INTO "nomormbr" ("id", "idDetailPermintaan", "nomorUrut", "status", "idUserKembali", "tahun", "tanggalKembali", "idUserTerima", "nomorBatch") VALUES (174, 49, '200079', 'ACTIVE', NULL, 2025, NULL, NULL, NULL);
INSERT INTO "nomormbr" ("id", "idDetailPermintaan", "nomorUrut", "status", "idUserKembali", "tahun", "tanggalKembali", "idUserTerima", "nomorBatch") VALUES (175, 49, '200080', 'ACTIVE', NULL, 2025, NULL, NULL, NULL);
INSERT INTO "nomormbr" ("id", "idDetailPermintaan", "nomorUrut", "status", "idUserKembali", "tahun", "tanggalKembali", "idUserTerima", "nomorBatch") VALUES (176, 49, '200081', 'ACTIVE', NULL, 2025, NULL, NULL, NULL);
INSERT INTO "nomormbr" ("id", "idDetailPermintaan", "nomorUrut", "status", "idUserKembali", "tahun", "tanggalKembali", "idUserTerima", "nomorBatch") VALUES (177, 49, '200082', 'ACTIVE', NULL, 2025, NULL, NULL, NULL);
INSERT INTO "nomormbr" ("id", "idDetailPermintaan", "nomorUrut", "status", "idUserKembali", "tahun", "tanggalKembali", "idUserTerima", "nomorBatch") VALUES (178, 47, '200083', 'ACTIVE', NULL, 2025, NULL, NULL, NULL);
INSERT INTO "nomormbr" ("id", "idDetailPermintaan", "nomorUrut", "status", "idUserKembali", "tahun", "tanggalKembali", "idUserTerima", "nomorBatch") VALUES (179, 47, '200084', 'ACTIVE', NULL, 2025, NULL, NULL, NULL);
INSERT INTO "nomormbr" ("id", "idDetailPermintaan", "nomorUrut", "status", "idUserKembali", "tahun", "tanggalKembali", "idUserTerima", "nomorBatch") VALUES (180, 47, '200085', 'ACTIVE', NULL, 2025, NULL, NULL, NULL);
INSERT INTO "nomormbr" ("id", "idDetailPermintaan", "nomorUrut", "status", "idUserKembali", "tahun", "tanggalKembali", "idUserTerima", "nomorBatch") VALUES (181, 47, '200086', 'ACTIVE', NULL, 2025, NULL, NULL, NULL);
INSERT INTO "nomormbr" ("id", "idDetailPermintaan", "nomorUrut", "status", "idUserKembali", "tahun", "tanggalKembali", "idUserTerima", "nomorBatch") VALUES (182, 47, '200087', 'ACTIVE', NULL, 2025, NULL, NULL, NULL);
INSERT INTO "nomormbr" ("id", "idDetailPermintaan", "nomorUrut", "status", "idUserKembali", "tahun", "tanggalKembali", "idUserTerima", "nomorBatch") VALUES (183, 48, '000084', 'ACTIVE', NULL, 2025, NULL, NULL, NULL);
INSERT INTO "nomormbr" ("id", "idDetailPermintaan", "nomorUrut", "status", "idUserKembali", "tahun", "tanggalKembali", "idUserTerima", "nomorBatch") VALUES (184, 48, '000085', 'ACTIVE', NULL, 2025, NULL, NULL, NULL);
INSERT INTO "nomormbr" ("id", "idDetailPermintaan", "nomorUrut", "status", "idUserKembali", "tahun", "tanggalKembali", "idUserTerima", "nomorBatch") VALUES (185, 48, '000086', 'ACTIVE', NULL, 2025, NULL, NULL, NULL);
INSERT INTO "nomormbr" ("id", "idDetailPermintaan", "nomorUrut", "status", "idUserKembali", "tahun", "tanggalKembali", "idUserTerima", "nomorBatch") VALUES (186, 48, '000087', 'ACTIVE', NULL, 2025, NULL, NULL, NULL);
INSERT INTO "nomormbr" ("id", "idDetailPermintaan", "nomorUrut", "status", "idUserKembali", "tahun", "tanggalKembali", "idUserTerima", "nomorBatch") VALUES (187, 48, '000088', 'ACTIVE', NULL, 2025, NULL, NULL, NULL);
INSERT INTO "nomormbr" ("id", "idDetailPermintaan", "nomorUrut", "status", "idUserKembali", "tahun", "tanggalKembali", "idUserTerima", "nomorBatch") VALUES (188, 48, '000089', 'ACTIVE', NULL, 2025, NULL, NULL, NULL);
INSERT INTO "nomormbr" ("id", "idDetailPermintaan", "nomorUrut", "status", "idUserKembali", "tahun", "tanggalKembali", "idUserTerima", "nomorBatch") VALUES (189, 59, '200088', 'ACTIVE', NULL, 2025, NULL, NULL, NULL);
INSERT INTO "nomormbr" ("id", "idDetailPermintaan", "nomorUrut", "status", "idUserKembali", "tahun", "tanggalKembali", "idUserTerima", "nomorBatch") VALUES (190, 59, '200089', 'ACTIVE', NULL, 2025, NULL, NULL, NULL);
INSERT INTO "nomormbr" ("id", "idDetailPermintaan", "nomorUrut", "status", "idUserKembali", "tahun", "tanggalKembali", "idUserTerima", "nomorBatch") VALUES (191, 59, '200090', 'ACTIVE', NULL, 2025, NULL, NULL, NULL);
INSERT INTO "nomormbr" ("id", "idDetailPermintaan", "nomorUrut", "status", "idUserKembali", "tahun", "tanggalKembali", "idUserTerima", "nomorBatch") VALUES (192, 59, '200091', 'ACTIVE', NULL, 2025, NULL, NULL, NULL);
INSERT INTO "nomormbr" ("id", "idDetailPermintaan", "nomorUrut", "status", "idUserKembali", "tahun", "tanggalKembali", "idUserTerima", "nomorBatch") VALUES (193, 59, '200092', 'ACTIVE', NULL, 2025, NULL, NULL, NULL);
INSERT INTO "nomormbr" ("id", "idDetailPermintaan", "nomorUrut", "status", "idUserKembali", "tahun", "tanggalKembali", "idUserTerima", "nomorBatch") VALUES (194, 45, '000090', 'ACTIVE', NULL, 2025, NULL, NULL, NULL);
INSERT INTO "nomormbr" ("id", "idDetailPermintaan", "nomorUrut", "status", "idUserKembali", "tahun", "tanggalKembali", "idUserTerima", "nomorBatch") VALUES (195, 45, '000091', 'ACTIVE', NULL, 2025, NULL, NULL, NULL);
INSERT INTO "nomormbr" ("id", "idDetailPermintaan", "nomorUrut", "status", "idUserKembali", "tahun", "tanggalKembali", "idUserTerima", "nomorBatch") VALUES (196, 45, '000092', 'ACTIVE', NULL, 2025, NULL, NULL, NULL);
INSERT INTO "nomormbr" ("id", "idDetailPermintaan", "nomorUrut", "status", "idUserKembali", "tahun", "tanggalKembali", "idUserTerima", "nomorBatch") VALUES (197, 45, '000093', 'ACTIVE', NULL, 2025, NULL, NULL, NULL);
INSERT INTO "nomormbr" ("id", "idDetailPermintaan", "nomorUrut", "status", "idUserKembali", "tahun", "tanggalKembali", "idUserTerima", "nomorBatch") VALUES (198, 46, '000094', 'ACTIVE', NULL, 2025, NULL, NULL, NULL);
INSERT INTO "nomormbr" ("id", "idDetailPermintaan", "nomorUrut", "status", "idUserKembali", "tahun", "tanggalKembali", "idUserTerima", "nomorBatch") VALUES (199, 46, '000095', 'ACTIVE', NULL, 2025, NULL, NULL, NULL);
INSERT INTO "nomormbr" ("id", "idDetailPermintaan", "nomorUrut", "status", "idUserKembali", "tahun", "tanggalKembali", "idUserTerima", "nomorBatch") VALUES (200, 46, '000096', 'ACTIVE', NULL, 2025, NULL, NULL, NULL);
INSERT INTO "nomormbr" ("id", "idDetailPermintaan", "nomorUrut", "status", "idUserKembali", "tahun", "tanggalKembali", "idUserTerima", "nomorBatch") VALUES (201, 46, '000097', 'ACTIVE', NULL, 2025, NULL, NULL, NULL);
INSERT INTO "nomormbr" ("id", "idDetailPermintaan", "nomorUrut", "status", "idUserKembali", "tahun", "tanggalKembali", "idUserTerima", "nomorBatch") VALUES (202, 46, '000098', 'ACTIVE', NULL, 2025, NULL, NULL, NULL);
INSERT INTO "permintaan" ("id", "idCreated", "idBagianCreated", "timeCreated", "status", "reason", "used", "idConfirmed", "timeConfirmed") VALUES (1, 2, 3, '2025-02-10 08:35:44.272', 'DITERIMA', NULL, 'f', 1, '2025-02-10 13:03:27.111');
INSERT INTO "permintaan" ("id", "idCreated", "idBagianCreated", "timeCreated", "status", "reason", "used", "idConfirmed", "timeConfirmed") VALUES (3, 2, 3, '2025-02-10 14:26:18.627', 'PENDING', NULL, 'f', NULL, NULL);
INSERT INTO "permintaan" ("id", "idCreated", "idBagianCreated", "timeCreated", "status", "reason", "used", "idConfirmed", "timeConfirmed") VALUES (4, 2, 3, '2025-02-10 14:28:04.889', 'PENDING', NULL, 'f', NULL, NULL);
INSERT INTO "permintaan" ("id", "idCreated", "idBagianCreated", "timeCreated", "status", "reason", "used", "idConfirmed", "timeConfirmed") VALUES (5, 2, 3, '2025-02-10 14:30:51.131', 'PENDING', NULL, 'f', NULL, NULL);
INSERT INTO "permintaan" ("id", "idCreated", "idBagianCreated", "timeCreated", "status", "reason", "used", "idConfirmed", "timeConfirmed") VALUES (6, 2, 3, '2025-02-10 14:32:24.717', 'PENDING', NULL, 'f', NULL, NULL);
INSERT INTO "permintaan" ("id", "idCreated", "idBagianCreated", "timeCreated", "status", "reason", "used", "idConfirmed", "timeConfirmed") VALUES (7, 2, 3, '2025-02-10 14:42:13.744', 'PENDING', NULL, 'f', NULL, NULL);
INSERT INTO "permintaan" ("id", "idCreated", "idBagianCreated", "timeCreated", "status", "reason", "used", "idConfirmed", "timeConfirmed") VALUES (8, 2, 3, '2025-02-10 14:43:54.685', 'PENDING', NULL, 'f', NULL, NULL);
INSERT INTO "permintaan" ("id", "idCreated", "idBagianCreated", "timeCreated", "status", "reason", "used", "idConfirmed", "timeConfirmed") VALUES (9, 2, 3, '2025-02-10 22:14:19.161', 'PENDING', NULL, 'f', NULL, NULL);
INSERT INTO "permintaan" ("id", "idCreated", "idBagianCreated", "timeCreated", "status", "reason", "used", "idConfirmed", "timeConfirmed") VALUES (10, 2, 3, '2025-02-10 22:29:24.228', 'PENDING', NULL, 'f', NULL, NULL);
INSERT INTO "permintaan" ("id", "idCreated", "idBagianCreated", "timeCreated", "status", "reason", "used", "idConfirmed", "timeConfirmed") VALUES (11, 2, 3, '2025-02-10 22:30:12.106', 'PENDING', NULL, 'f', NULL, NULL);
INSERT INTO "permintaan" ("id", "idCreated", "idBagianCreated", "timeCreated", "status", "reason", "used", "idConfirmed", "timeConfirmed") VALUES (12, 2, 3, '2025-02-10 22:31:55.871', 'PENDING', NULL, 'f', NULL, NULL);
INSERT INTO "permintaan" ("id", "idCreated", "idBagianCreated", "timeCreated", "status", "reason", "used", "idConfirmed", "timeConfirmed") VALUES (13, 2, 3, '2025-02-10 22:32:29.268', 'PENDING', NULL, 'f', NULL, NULL);
INSERT INTO "permintaan" ("id", "idCreated", "idBagianCreated", "timeCreated", "status", "reason", "used", "idConfirmed", "timeConfirmed") VALUES (14, 2, 3, '2025-02-10 22:33:35.96', 'PENDING', NULL, 'f', NULL, NULL);
INSERT INTO "permintaan" ("id", "idCreated", "idBagianCreated", "timeCreated", "status", "reason", "used", "idConfirmed", "timeConfirmed") VALUES (15, 2, 3, '2025-02-10 22:34:16.091', 'PENDING', NULL, 'f', NULL, NULL);
INSERT INTO "permintaan" ("id", "idCreated", "idBagianCreated", "timeCreated", "status", "reason", "used", "idConfirmed", "timeConfirmed") VALUES (16, 2, 3, '2025-02-10 22:37:09.959', 'PENDING', NULL, 'f', NULL, NULL);
INSERT INTO "permintaan" ("id", "idCreated", "idBagianCreated", "timeCreated", "status", "reason", "used", "idConfirmed", "timeConfirmed") VALUES (17, 2, 3, '2025-02-10 22:44:24.839', 'PENDING', NULL, 'f', NULL, NULL);
INSERT INTO "permintaan" ("id", "idCreated", "idBagianCreated", "timeCreated", "status", "reason", "used", "idConfirmed", "timeConfirmed") VALUES (18, 2, 3, '2025-02-10 22:46:06.859', 'PENDING', NULL, 'f', NULL, NULL);
INSERT INTO "permintaan" ("id", "idCreated", "idBagianCreated", "timeCreated", "status", "reason", "used", "idConfirmed", "timeConfirmed") VALUES (19, 2, 3, '2025-02-10 22:47:56.274', 'PENDING', NULL, 'f', NULL, NULL);
INSERT INTO "permintaan" ("id", "idCreated", "idBagianCreated", "timeCreated", "status", "reason", "used", "idConfirmed", "timeConfirmed") VALUES (20, 2, 3, '2025-02-10 22:51:14.243', 'PENDING', NULL, 'f', NULL, NULL);
INSERT INTO "permintaan" ("id", "idCreated", "idBagianCreated", "timeCreated", "status", "reason", "used", "idConfirmed", "timeConfirmed") VALUES (2, 2, 3, '2025-02-10 14:03:30.788', 'DITERIMA', NULL, 'f', 1, '2025-02-10 23:01:44.752');
INSERT INTO "permintaan" ("id", "idCreated", "idBagianCreated", "timeCreated", "status", "reason", "used", "idConfirmed", "timeConfirmed") VALUES (22, 2, 3, '2025-02-10 22:57:24.435', 'DITERIMA', NULL, 'f', 1, '2025-02-10 23:02:24.892');
INSERT INTO "permintaan" ("id", "idCreated", "idBagianCreated", "timeCreated", "status", "reason", "used", "idConfirmed", "timeConfirmed") VALUES (24, 2, 3, '2025-02-11 13:09:32.607', 'DITERIMA', NULL, 'f', 1, '2025-02-11 13:51:28.246');
INSERT INTO "permintaan" ("id", "idCreated", "idBagianCreated", "timeCreated", "status", "reason", "used", "idConfirmed", "timeConfirmed") VALUES (28, 2, 3, '2025-02-11 13:47:43.54', 'DITERIMA', NULL, 't', 1, '2025-02-11 13:51:03.624');
INSERT INTO "permintaan" ("id", "idCreated", "idBagianCreated", "timeCreated", "status", "reason", "used", "idConfirmed", "timeConfirmed") VALUES (27, 2, 3, '2025-02-11 13:39:09.781', 'DITERIMA', NULL, 't', 1, '2025-02-11 13:51:21.671');
INSERT INTO "permintaan" ("id", "idCreated", "idBagianCreated", "timeCreated", "status", "reason", "used", "idConfirmed", "timeConfirmed") VALUES (26, 2, 3, '2025-02-11 13:19:48.487', 'DITERIMA', NULL, 't', 1, '2025-02-11 13:51:23.954');
INSERT INTO "permintaan" ("id", "idCreated", "idBagianCreated", "timeCreated", "status", "reason", "used", "idConfirmed", "timeConfirmed") VALUES (25, 2, 3, '2025-02-11 13:19:06.73', 'DITERIMA', NULL, 't', 1, '2025-02-11 13:51:25.878');
INSERT INTO "permintaan" ("id", "idCreated", "idBagianCreated", "timeCreated", "status", "reason", "used", "idConfirmed", "timeConfirmed") VALUES (29, 2, 3, '2025-02-11 14:08:37.261', 'DITERIMA', NULL, 'f', 1, '2025-02-11 22:48:46.077');
INSERT INTO "permintaan" ("id", "idCreated", "idBagianCreated", "timeCreated", "status", "reason", "used", "idConfirmed", "timeConfirmed") VALUES (23, 2, 3, '2025-02-10 23:13:30.147', 'DITERIMA', NULL, 'f', 1, '2025-02-11 22:51:21.078');
INSERT INTO "permintaan" ("id", "idCreated", "idBagianCreated", "timeCreated", "status", "reason", "used", "idConfirmed", "timeConfirmed") VALUES (21, 2, 3, '2025-02-10 22:54:05.369', 'PENDING', NULL, 'f', NULL, NULL);
INSERT INTO "produk" ("id", "namaProduk", "idKategori", "idBagian", "isActive") VALUES (2, 'Paramex', 1, 3, 't');
INSERT INTO "produk" ("id", "namaProduk", "idKategori", "idBagian", "isActive") VALUES (3, 'Ever E ', 2, 3, 't');
INSERT INTO "users" ("id", "nik", "nama", "email", "password", "isAdmin", "isActive", "dateCreated") VALUES (2, '09033', 'Coba FM 1', '210103119@mhs.udb.ac.id', '$2b$10$RhhanjBdvMxIPtLnUaNdC.QPtJtaR0z35DYdbqlzJ9Ktl0hTaiMJi', 'f', 't', '2025-02-10');
INSERT INTO "users" ("id", "nik", "nama", "email", "password", "isAdmin", "isActive", "dateCreated") VALUES (1, '09035', 'Ikhsan', 'pa.dc.konimex@gmail.com', '$2b$10$RhhanjBdvMxIPtLnUaNdC.QPtJtaR0z35DYdbqlzJ9Ktl0hTaiMJi', 't', 't', '2025-02-10');
INSERT INTO "users" ("id", "nik", "nama", "email", "password", "isAdmin", "isActive", "dateCreated") VALUES (4, '00801', 'Coba Officer FM 1', 'ikhsanndewa@gmail.com', '$2b$10$RhhanjBdvMxIPtLnUaNdC.QPtJtaR0z35DYdbqlzJ9Ktl0hTaiMJi', 'f', 't', '2025-02-11');
INSERT INTO "users" ("id", "nik", "nama", "email", "password", "isAdmin", "isActive", "dateCreated") VALUES (3, '00800', 'Coba DC Officer', 'ikhsanmajid@gmail.com', '$2b$10$RhhanjBdvMxIPtLnUaNdC.QPtJtaR0z35DYdbqlzJ9Ktl0hTaiMJi', 't', 't', '2025-02-11');
INSERT INTO "usersonbagianonjabatan" ("id", "idBagianJabatan", "idUsers") VALUES (1, 1, 1);
INSERT INTO "usersonbagianonjabatan" ("id", "idBagianJabatan", "idUsers") VALUES (2, 2, 2);
INSERT INTO "usersonbagianonjabatan" ("id", "idBagianJabatan", "idUsers") VALUES (3, 3, 3);
INSERT INTO "usersonbagianonjabatan" ("id", "idBagianJabatan", "idUsers") VALUES (4, 4, 4);
